unix,power_w,sm_mhz,temp_c,util_pct,mem_mib,pcie_gen,pcie_width,cpu_busy_pct
1791392339.2,151.2,2910.0,65.0,0.0,5.0,5.0,16.0,17.0
1791392341.3,170.2,2910.0,64.0,11.0,5393.0,5.0,16.0,14.5
1791392343.3,96.6,2415.0,62.0,0.0,8305.0,5.0,16.0,15.3
1791392345.3,96.5,2415.0,61.0,0.0,8399.0,5.0,16.0,15.9
1791392347.3,95.4,2415.0,60.0,0.0,8399.0,5.0,16.0,19.8
1791392349.4,95.0,2415.0,60.0,0.0,8399.0,5.0,16.0,19.3
1791392351.4,94.7,2415.0,60.0,0.0,8399.0,5.0,16.0,18.5
1791392353.4,96.3,2415.0,59.0,13.0,31229.0,5.0,16.0,18.6
1791392355.4,131.7,2925.0,60.0,0.0,31867.0,5.0,16.0,15.1
1791392357.4,93.9,2535.0,59.0,0.0,31887.0,5.0,16.0,17.5
1791392359.5,450.4,2422.0,70.0,100.0,31923.0,5.0,16.0,15.8
1791392361.5,449.7,2422.0,70.0,100.0,31923.0,5.0,16.0,15.5
1791392363.5,315.7,2730.0,71.0,100.0,31953.0,5.0,16.0,27.2
1791392365.5,414.6,2850.0,69.0,100.0,31953.0,5.0,16.0,53.2
1791392367.5,457.6,2827.0,71.0,100.0,31953.0,5.0,16.0,48.3
1791392369.5,432.4,2835.0,70.0,100.0,31953.0,5.0,16.0,46.0
1791392371.6,443.7,2820.0,71.0,100.0,31953.0,5.0,16.0,45.8
1791392373.6,449.3,2812.0,71.0,100.0,31953.0,5.0,16.0,45.3
1791392375.6,458.2,2400.0,73.0,100.0,31953.0,5.0,16.0,25.6
1791392377.6,449.6,2392.0,73.0,100.0,31953.0,5.0,16.0,15.9
1791392379.6,384.3,2842.0,71.0,100.0,31953.0,5.0,16.0,32.9
1791392381.7,422.2,2377.0,73.0,100.0,31953.0,5.0,16.0,33.5
1791392383.7,450.5,2332.0,74.0,100.0,31953.0,5.0,16.0,15.5
1791392385.7,433.5,2850.0,67.0,83.0,31953.0,5.0,16.0,23.7
1791392387.7,413.2,2385.0,74.0,100.0,31953.0,5.0,16.0,40.6
1791392389.7,450.7,2347.0,72.0,100.0,31953.0,5.0,16.0,15.7
1791392391.8,400.3,2452.0,66.0,100.0,31953.0,5.0,16.0,15.9
1791392393.8,407.3,2640.0,75.0,100.0,31953.0,5.0,16.0,47.9
1791392395.8,450.5,2377.0,72.0,100.0,31953.0,5.0,16.0,15.7
1791392397.8,450.5,2325.0,72.0,100.0,31953.0,5.0,16.0,15.7
1791392399.8,443.7,2820.0,71.0,59.0,31953.0,5.0,16.0,51.2
1791392401.8,450.6,2377.0,73.0,100.0,31953.0,5.0,16.0,15.7
1791392403.9,449.4,2385.0,73.0,100.0,31953.0,5.0,16.0,15.5
1791392405.9,464.3,2812.0,72.0,100.0,31953.0,5.0,16.0,46.3
1791392407.9,450.6,2317.0,72.0,100.0,31953.0,5.0,16.0,20.8
1791392409.9,449.7,2347.0,75.0,100.0,31953.0,5.0,16.0,15.7
1791392411.9,450.9,2407.0,75.0,100.0,31953.0,5.0,16.0,15.7
1791392413.9,450.3,2362.0,73.0,100.0,31953.0,5.0,16.0,15.5
1791392416.0,439.4,2632.0,70.0,83.0,31953.0,5.0,16.0,15.7
1791392418.0,450.2,2370.0,76.0,100.0,31953.0,5.0,16.0,15.7
1791392420.0,450.0,2392.0,72.0,100.0,31953.0,5.0,16.0,15.7
1791392422.0,459.9,2392.0,73.0,100.0,31953.0,5.0,16.0,15.7
1791392424.0,450.0,2407.0,76.0,100.0,31953.0,5.0,16.0,15.5
1791392426.1,386.1,2827.0,72.0,100.0,31953.0,5.0,16.0,28.8
1791392428.1,297.5,2505.0,76.0,100.0,31953.0,5.0,16.0,36.0
1791392430.1,449.9,2407.0,75.0,100.0,31953.0,5.0,16.0,15.7
1791392432.1,449.4,2497.0,73.0,100.0,31953.0,5.0,16.0,15.7
1791392434.1,450.2,2407.0,75.0,100.0,31953.0,5.0,16.0,15.7
1791392436.1,449.9,2325.0,75.0,100.0,31953.0,5.0,16.0,15.7
1791392438.2,451.1,2355.0,74.0,100.0,31953.0,5.0,16.0,15.8
1791392440.2,450.3,2415.0,76.0,100.0,31953.0,5.0,16.0,15.7
1791392442.2,450.1,2550.0,76.0,100.0,31953.0,5.0,16.0,15.7
1791392444.2,450.4,2400.0,74.0,100.0,31953.0,5.0,16.0,15.7
1791392446.2,450.2,2355.0,74.0,100.0,31953.0,5.0,16.0,15.7
1791392448.3,458.0,2835.0,74.0,93.0,31953.0,5.0,16.0,51.1
1791392450.3,450.6,2385.0,75.0,100.0,31953.0,5.0,16.0,15.8
1791392452.3,450.2,2362.0,74.0,100.0,31953.0,5.0,16.0,15.7
1791392454.3,450.4,2317.0,74.0,100.0,31953.0,5.0,16.0,15.7
1791392456.3,450.0,2377.0,75.0,100.0,31953.0,5.0,16.0,15.7
1791392458.4,443.2,2595.0,74.0,100.0,31953.0,5.0,16.0,15.5
1791392460.4,449.6,2347.0,75.0,100.0,31953.0,5.0,16.0,15.7
1791392462.4,450.8,2377.0,74.0,100.0,31953.0,5.0,16.0,15.7
1791392464.4,460.1,2407.0,76.0,100.0,31953.0,5.0,16.0,15.7
1791392466.4,450.3,2347.0,75.0,100.0,31953.0,5.0,16.0,15.7
1791392468.4,389.9,2835.0,73.0,100.0,31953.0,5.0,16.0,28.4
1791392470.5,368.6,2385.0,74.0,100.0,31953.0,5.0,16.0,37.4
1791392472.5,449.6,2385.0,75.0,100.0,31953.0,5.0,16.0,15.7
1791392474.5,449.7,2482.0,73.0,100.0,31953.0,5.0,16.0,15.7
1791392476.5,449.1,2392.0,75.0,100.0,31953.0,5.0,16.0,15.7
1791392478.5,449.8,2325.0,75.0,100.0,31953.0,5.0,16.0,15.7
1791392480.6,459.5,2355.0,74.0,100.0,31953.0,5.0,16.0,15.5
1791392482.6,449.9,2415.0,75.0,100.0,31953.0,5.0,16.0,15.7
1791392484.6,447.8,2392.0,75.0,100.0,31953.0,5.0,16.0,15.7
1791392486.6,449.3,2340.0,74.0,100.0,31953.0,5.0,16.0,15.7
1791392488.6,449.7,2415.0,75.0,100.0,31953.0,5.0,16.0,15.7
1791392490.6,460.2,2857.0,74.0,100.0,31953.0,5.0,16.0,51.8
1791392492.7,461.9,2317.0,73.0,100.0,31953.0,5.0,16.0,15.7
1791392494.7,450.3,2325.0,75.0,100.0,31953.0,5.0,16.0,15.7
1791392496.7,449.8,2332.0,75.0,100.0,31953.0,5.0,16.0,15.9
1791392498.7,449.2,2385.0,75.0,100.0,31953.0,5.0,16.0,15.7
1791392500.7,449.3,2625.0,74.0,100.0,31953.0,5.0,16.0,15.5
1791392502.8,449.6,2377.0,74.0,100.0,31953.0,5.0,16.0,15.7
1791392504.8,449.8,2370.0,74.0,100.0,31953.0,5.0,16.0,15.7
1791392506.8,450.3,2325.0,75.0,100.0,31953.0,5.0,16.0,15.7
1791392508.8,449.3,2317.0,75.0,100.0,31953.0,5.0,16.0,15.7
1791392510.8,394.1,2835.0,74.0,100.0,31953.0,5.0,16.0,30.1
